Epitope,Epitope,Epitope,Epitope,Epitope,Epitope,Epitope,Epitope,Epitope,Epitope,Epitope,Epitope,Epitope,Epitope,Epitope,Epitope,Epitope,Related Object,Related Object,Related Object,Related Object,Related Object,Related Object,Related Object,Related Object,Related Object,Related Object,Related Object
Epitope ID,Object Type,Description,Epitope Modified Residue(s),Epitope Modification(s),Starting Position,Ending Position,Non-peptidic epitope Accession,Epitope Synonyms,Antigen Name,Antigen Accession,Parent Protein,Parent Protein Accession,Organism Name,Parent Organism,Parent Organism ID,Epitope Comments,Epitope Relationship,Object Type,Description,Starting Position,Ending Position,Non-peptidic object Accession,Synonyms,Antigen Name,Parent Protein,Organism Name,Parent Organism
"1166","Linear peptide","AESRKLLLI","","","49","57","","","DI-3 protein","Q67021","Polymerase basic protein 2","P03428","Influenza A virus (A/WSN/1933(H1N1))","Influenza A virus","11320","","","","","","","","","","","",""
"2711","Linear peptide","ALLKHRFEI","","","70","78","","","Polymerase basic protein 2","SRC121","Polymerase basic protein 2","P03428","Influenza A virus (A/Puerto Rico/8/1934(H1N1))","Influenza A virus","11320","","","","","","","","","","","",""
"3599","Linear peptide","APIEHIASM","","","433","441","","","Polymerase basic protein 2","SRC121","Polymerase basic protein 2","P03428","Influenza A virus (A/Puerto Rico/8/1934(H1N1))","Influenza A virus","11320","","","","","","","","","","","",""
"3681","Linear peptide","APPKQSRMQF","","","624","633","","","Polymerase basic protein 2","SRC121","Polymerase basic protein 2","P03428","Influenza A virus (A/Puerto Rico/8/1934(H1N1))","Influenza A virus","11320","","","","","","","","","","","",""
"6607","Linear peptide","CLLQSLQQI","","","584","592","","","Polymerase basic protein 2","SRC121","Polymerase basic protein 2","P03428","Influenza A virus (A/Puerto Rico/8/1934(H1N1))","Influenza A virus","11320","","","","","","","","","","","",""
"11627","Linear peptide","EEFTMVGRR","","","361","369","","","polymerase PB2","NP_775529.1","Polymerase basic protein 2","P03428","Influenza A virus (A/Puerto Rico/8/34/Mount Sinai(H1N1))","Influenza A virus","11320","","","","","","","","","","","",""
"13317","Linear peptide","ELVRKTRFL","","","210","218","","","PB2 polymerase subunit","AAC63443.1","Polymerase basic protein 2","P03428","Influenza A virus H3N2","Influenza A virus","11320","","","","","","","","","","","",""
"17119","Linear peptide","FMYSDFHFI","","","46","54","","","Polymerase basic protein 2","SRC121","Polymerase basic protein 2","P03428","Influenza A virus (A/Puerto Rico/8/1934(H1N1))","Influenza A virus","11320","","","","","","","","","","","",""
"17337","Linear peptide","FPNEVGARI","","","168","176","","","PB2 polymerase subunit","AAC63443.1","Polymerase basic protein 2","P03428","Influenza A virus H3N2","Influenza A virus","11320","","","","","","","","","","","",""
"17338","Linear peptide","FPNEVGARIL","","","168","177","","","Polymerase basic protein 2","SRC121","Polymerase basic protein 2","P03428","Influenza A virus (A/Puerto Rico/8/1934(H1N1))","Influenza A virus","11320","","","","","","","","","","","",""
"17489","Linear peptide","FQKDAKVLF","","","438","446","","","PB2 polymerase subunit","AAC63443.1","Polymerase basic protein 2","P03428","Influenza A virus H3N2","Influenza A virus","11320","","","","","","","","","","","",""
"17622","Linear peptide","FRNQVKIRR","","","135","143","","","polymerase PB2","NP_775529.1","Polymerase basic protein 2","P03428","Influenza A virus (A/Puerto Rico/8/34/Mount Sinai(H1N1))","Influenza A virus","11320","","","","","","","","","","","",""
"18282","Linear peptide","FVRTLFQQM","","","595","603","","","PB2 polymerase subunit","AAC63443.1","Polymerase basic protein 2","P03428","Influenza A virus H3N2","Influenza A virus","11320","","","","","","","","","","","",""
"21570","Linear peptide","GPALSINEL","","","705","713","","","Polymerase basic protein 2","SRC121","Polymerase basic protein 2","P03428","Influenza A virus (A/Puerto Rico/8/1934(H1N1))","Influenza A virus","11320","","","","","","","","","","","",""
"21724","Linear peptide","GPPCSQRSKF","","","273","282","","","Polymerase basic protein 2","SRC121","Polymerase basic protein 2","P03428","Influenza A virus (A/Puerto Rico/8/1934(H1N1))","Influenza A virus","11320","","","","","","","","","","","",""
"21819","Linear peptide","GPVHFRNQV","","","131","139","","","Polymerase basic protein 2","SRC121","Polymerase basic protein 2","P03428","Influenza A virus (A/Puerto Rico/8/1934(H1N1))","Influenza A virus","11320","","","","","","","","","","","",""
"22171","Linear peptide","GRQEKNPAL","","","3","11","","","Polymerase basic protein 2","Q068Q5","Polymerase basic protein 2","P03428","Influenza A virus (A/chicken/Hubei/wk/1997(H5N1))","Influenza A virus","11320","","","","","","","","","","","",""
"22180","Linear peptide","GRRATAILR","","","367","375","","","polymerase PB2","NP_775529.1","Polymerase basic protein 2","P03428","Influenza A virus (A/Puerto Rico/8/34/Mount Sinai(H1N1))","Influenza A virus","11320","","","","","","","","","","","",""
"22640","Linear peptide","GTEKLTITY","","","3","11","","","Polymerase basic protein 2","Q0KJ26","Polymerase basic protein 2","P03428","Influenza A virus (A/swine/Miyagi/5/2003(H1N2))","Influenza A virus","11320","","","","","","","","","","","",""
"22648","Linear peptide","GTFGPVHFR","","","128","136","","","PB2 polymerase subunit","AAC63443.1","Polymerase basic protein 2","P03428","Influenza A virus H3N2","Influenza A virus","11320","","","","","","","","","","","",""
"23687","Linear peptide","HEGYEEFTM","","","5","13","","","Polymerase","Q6J865","Polymerase basic protein 2","P03428","Influenza A virus (A/egret/Hong Kong/757.3/2002(H5N1))","Influenza A virus","11320","","","","","","","","","","","",""
"23813","Linear peptide","HFQKDAKVL","","","24","32","","","PB2","Q5Q146","Polymerase basic protein 2","P03428","H9N2 subtype Influenza A virus (A/swine/Korea/S83/2004(H9N2))","Influenza A virus","11320","","","","","","","","","","","",""
"26426","Linear peptide","IIAARNIVR","","","260","268","","","PB2 polymerase subunit","AAC63443.1","Polymerase basic protein 2","P03428","Influenza A virus H3N2","Influenza A virus","11320","","","","","","","","","","","",""
"26749","Linear peptide","IKAVRGDLNFVNRAN","","","411","425","","","polymerase PB2","ACF54487.1","Polymerase basic protein 2","P03428","Influenza A virus (A/Singapore/1/1957(H2N2))","Influenza A virus","11320","","","","","","","","","","","",""
"27287","Linear peptide","ILRKATRRL","","","2","10","","","Polymerase basic protein 2","Q2XVD5","Polymerase basic protein 2","P03428","Influenza A virus (A/Ck/HK/CSW161/2003(H9N2))","Influenza A virus","11320","","","","","","","","","","","",""
"28951","Linear peptide","ITKEKKEEL","","","185","193","","","PB2 polymerase subunit","AAC63443.1","Polymerase basic protein 2","P03428","Influenza A virus H3N2","Influenza A virus","11320","","","","","","","","","","","",""
"29984","Linear peptide","KAVRGDLNF","","","412","420","","","polymerase PB2","NP_775529.1","Polymerase basic protein 2","P03428","Influenza A virus (A/Puerto Rico/8/34/Mount Sinai(H1N1))","Influenza A virus","11320","","","","","","","","","","","",""
"34617","Linear peptide","KYTSGRQEK","","","33","41","","","PB2 polymerase subunit","AAC63443.1","Polymerase basic protein 2","P03428","Influenza A virus H3N2","Influenza A virus","11320","","","","","","","","","","","",""
"37568","Linear peptide","LLMDALKLSI","","","283","292","","","Polymerase basic protein 2","SRC121","Polymerase basic protein 2","P03428","Influenza A virus (A/Puerto Rico/8/1934(H1N1))","Influenza A virus","11320","","","","","","","","","","","",""
"37999","Linear peptide","LMDALKLSI","","","284","292","","","Polymerase basic protein 2","SRC121","Polymerase basic protein 2","P03428","Influenza A virus (A/Puerto Rico/8/1934(H1N1))","Influenza A virus","11320","","","","","","","","","","","",""
"39979","Linear peptide","LTITYSSSM","","","527","535","","","PB2 polymerase subunit","AAC63443.1","Polymerase basic protein 2","P03428","Influenza A virus H3N2","Influenza A virus","11320","","","","","","","","","","","",""
"40555","Linear peptide","LVRGNSPVF","","","92","100","","","Polymerase basic protein 2","Q4U3D6","Polymerase basic protein 2","P03428","Influenza A virus (A/tiger/Thailand/CU-T4/04(H5N1))","Influenza A virus","11320","","","","","","","","","","","",""
"41360","Linear peptide","MEFEPFQSL","","","575","583","","","PB2 polymerase subunit","AAC63443.1","Polymerase basic protein 2","P03428","Influenza A virus H3N2","Influenza A virus","11320","","","","","","","","","","","",""
"41895","Linear peptide","MKWMMAMKY","","","47","55","","","PB2 polymerase subunit","AAC63443.1","Polymerase basic protein 2","P03428","Influenza A virus H3N2","Influenza A virus","11320","","","","","","","","","","","",""
"41929","Linear peptide","MLERELVRK","","","206","214","","","Polymerase basic protein 2","SRC121","Polymerase basic protein 2","P03428","Influenza A virus","Influenza A virus","11320","One representative Swiss-prot entry is provided.","","","","","","","","","","",""
"41998","Linear peptide","MLLRSAIGQV","","","548","557","","","Polymerase basic protein 2","SRC121","Polymerase basic protein 2","P03428","Influenza A virus (A/Puerto Rico/8/1934(H1N1))","Influenza A virus","11320","","","","","","","","","","","",""
"45299","Linear peptide","NPALRMKWM","","","35","43","","","polymerase subunit 2","CAC84738.1","Polymerase basic protein 2","P03428","Influenza A virus (A/swine/Scotland/410440/94(H1N2))","Influenza A virus","11320","","","","","","","","","","","",""
"45941","Linear peptide","NSPVFNYNK","","","652","660","","","PB2 polymerase subunit","AAC63443.1","Polymerase basic protein 2","P03428","Influenza A virus H3N2","Influenza A virus","11320","","","","","","","","","","","",""
"51636","Linear peptide","QMRDVLGTF","","","1","9","","","RNA polymerase","Q91TX8","Polymerase basic protein 2","P03428","Influenza A virus (A/Hong Kong/507/97(H5N1))","Influenza A virus","11320","","","","","","","","","","","",""
"53028","Linear peptide","QYSGFVRTL","","","591","599","","","PB2 polymerase subunit","AAC63443.1","Polymerase basic protein 2","P03428","Influenza A virus H3N2","Influenza A virus","11320","","","","","","","","","","","",""
"53536","Linear peptide","REILTKTTV","","","1","9","","","Polymerase basic subunit 2","Q2LG97","Polymerase basic protein 2","P03428","Influenza A virus (A/duck/Guangxi/1586/2004(H5N1))","Influenza A virus","11320","","","","","","","","","","","",""
"53573","Linear peptide","RELVRKTRF","","","209","217","","","polymerase PB2","NP_775529.1","Polymerase basic protein 2","P03428","Influenza A virus (A/Puerto Rico/8/34/Mount Sinai(H1N1))","Influenza A virus","11320","","","","","","","","","","","",""
"54941","Linear peptide","RMQFSSFTV","","","630","638","","","Polymerase basic protein 2","SRC121","Polymerase basic protein 2","P03428","Influenza A virus (A/Puerto Rico/8/1934(H1N1))","Influenza A virus","11320","","","","","","","","","","","",""
"55531","Linear peptide","RRATAILRK","","","1","9","","","Polymerase basic subunit 2","Q2LG56","Polymerase basic protein 2","P03428","Influenza A virus (A/chicken/Hong Kong/3123.1/2002(H5N1))","Influenza A virus","11320","","","","","","","","","","","",""
"56736","Linear peptide","SADPLASLL","","","2","10","","","Polymerase basic subunit 2","Q6DNL3","Polymerase basic protein 2","P03428","Influenza A virus (A/Ck/HK/2133.1/2003(H5N1))","Influenza A virus","11320","","","","","","","","","","","",""
"57651","Linear peptide","SETQGTEKL","","","16","24","","","Polymerase basic protein 2","Q0WXT2","Polymerase basic protein 2","P03428","Influenza A virus (A/tern/Australia/1/04(H2N5))","Influenza A virus","11320","","","","","","","","","","","",""
"57892","Linear peptide","SFSFGGFTF","","","322","330","","","PB2 polymerase subunit","AAC63443.1","Polymerase basic protein 2","P03428","Influenza A virus H3N2","Influenza A virus","11320","","","","","","","","","","","",""
"59069","Linear peptide","SLENFRAYV","","","225","233","","","Polymerase basic protein 2","SRC121","Polymerase basic protein 2","P03428","Influenza A virus (A/Puerto Rico/8/1934(H1N1))","Influenza A virus","11320","","","","","","","","","","","",""
"59673","Linear peptide","SMIEAESSV","","","594","602","","","Polymerase basic protein 2","SRC121","Polymerase basic protein 2","P03428","Influenza A virus (A/Puerto Rico/8/1934(H1N1))","Influenza A virus","11320","","","","","","","","","","","",""
"60099","Linear peptide","SPKGVEESSI","","","624","633","","","Polymerase basic protein 2","SRC121","Polymerase basic protein 2","P03428","Influenza A virus (A/Puerto Rico/8/1934(H1N1))","Influenza A virus","11320","","","","","","","","","","","",""
"60125","Linear peptide","SPLMVAYML","","","199","207","","","Polymerase basic protein 2","SRC121","Polymerase basic protein 2","P03428","Influenza A virus (A/Puerto Rico/8/1934(H1N1))","Influenza A virus","11320","","","","","","","","","","","",""
"60737","Linear peptide","SRMQFSSFTVNVRGS","","","629","643","","","polymerase PB2 [Influenza A virus]","QBM04330.1","Polymerase basic protein 2","P03428","Influenza A virus (A/Victoria/3/1975(H3N2))","Influenza A virus","11320","","","","","","","","","","","",""
"65229","Linear peptide","TMLYNKMEF","","","194","202","","","polymerase PB2","ABL61492.1","Polymerase basic protein 2","P03428","Influenza A virus(A/swine/Shandong/fZC/2003(H9N2))","Influenza A virus","11320","","","","","","","","","","","",""
"66893","Linear peptide","TTVDHMAII","","","7","15","","","polymerase PB2","ABL61465.1","Polymerase basic protein 2","P03428","Influenza A virus(A/swine/Shandong/fNY/2003(H9N2))","Influenza A virus","11320","","","","","","","","","","","",""
"66969","Linear peptide","TVDHMAIIK","","","1","9","","","Polymerase basic protein 2","Q6DXD8","Polymerase basic protein 2","P03428","Influenza A virus (A/mallard/Alberta/127/00(H3N8))","Influenza A virus","11320","","","","","","","","","","","",""
"67442","Linear peptide","TYQWIIRNW","","","549","557","","","polymerase PB2","ACZ45427.1","Polymerase basic protein 2","P03428","Influenza A virus (A/Hong Kong/483/1997(H5N1))","Influenza A virus","11320","This conserved sequence is also present in Influenza A virus (A/Puerto Rico/8/1934(H1N1).","","","","","","","","","","",""
"67602","Linear peptide","VAGGTSSVY","","","25","33","","","PB2","Q3I3S4","Polymerase basic protein 2","P03428","Influenza A virus (A/equine/New York/1/1999(H3N8))","Influenza A virus","11320","","","","","","","","","","","",""
"68327","Linear peptide","VERLKHGTF","","","122","130","","","PB2 polymerase subunit","AAC63443.1","Polymerase basic protein 2","P03428","Influenza A virus H3N2","Influenza A virus","11320","","","","","","","","","","","",""
"71075","Linear peptide","VSPLAVTWW","","","91","99","","","polymerase PB2","NP_775529.1","Polymerase basic protein 2","P03428","Influenza A virus (A/Puerto Rico/8/34/Mount Sinai(H1N1))","Influenza A virus","11320","","","","","","","","","","","",""
"72858","Linear peptide","WMMAMKYPI","","","49","57","","","polymerase PB2","NP_040987.1","Polymerase basic protein 2","P03428","Influenza A virus (A/Puerto Rico/8/1934(H1N1))","Influenza A virus","11320","","","","","","","","","","","",""
"73099","Linear peptide","WSQNPTMLY","","","564","572","","","polymerase PB2","ABF83457.1","Polymerase basic protein 2","P03428","Influenza A virus (A/Northern Territory/60/1968(H3N2))","Influenza A virus","11320","","","","","","","","","","","",""
"74632","Linear peptide","YLEKANKIK","","","131","139","","","Polymerase basic protein 2","SRC121","Polymerase basic protein 2","P03428","Influenza A virus","Influenza A virus","11320","One representative Swiss-prot entry is provided.","","","","","","","","","","",""
"75332","Linear peptide","YPITADKRI","","","1","9","","","Polymerase basic protein 2","Q0PF69","Polymerase basic protein 2","P03428","Influenza A virus (A/chicken/Tula/Russia/Oct-5/2005(H5N1))","Influenza A virus","11320","","","","","","","","","","","",""
"75343","Linear peptide","YPKIYKTYF","","","111","119","","","Polymerase basic protein 2","SRC121","Polymerase basic protein 2","P03428","Influenza A virus (A/Puerto Rico/8/1934(H1N1))","Influenza A virus","11320","","","","","","","","","","","",""
"97293","Linear peptide","EVLTGNLQTLKIRVHEGYEEFTMVGRRATAILR","","","343","375","","","polymerase protein PB2","AAW80708.1","Polymerase basic protein 2","P03428","Influenza A virus (A/Viet Nam/1203/2004(H5N1))","Influenza A virus","11320","","","","","","","","","","","",""
"97429","Linear peptide","KRITEMVPERNEQGQTLW","","","61","78","","","polymerase PB2","ABA18036.1","Polymerase basic protein 2","P03428","Influenza A virus (A/New York/232/2004(H3N2))","Influenza A virus","11320","","","","","","","","","","","",""
"97446","Linear peptide","LGTFDTVQIIKLLPF","","","585","599","","","Polymerase basic protein 2","Q068C1","Polymerase basic protein 2","P03428","Influenza A virus","Influenza A virus","11320","","","","","","","","","","","",""
"97502","Linear peptide","MRILVRGNSPAFNYN","","","44","58","","","RNA polymerase","Q91TX8","Polymerase basic protein 2","P03428","Influenza A virus","Influenza A virus","11320","","","","","","","","","","","",""
"97519","Linear peptide","NFVNRANQRLNPMHQLLR","","","419","436","","","polymerase PB2","ABA18036.1","Polymerase basic protein 2","P03428","Influenza A virus (A/New York/232/2004(H3N2))","Influenza A virus","11320","","","","","","","","","","","",""
"97656","Linear peptide","SQYSGFVRTLFQQMRDVL","","","590","607","","","polymerase PB2","ABA18036.1","Polymerase basic protein 2","P03428","Influenza A virus (A/New York/232/2004(H3N2))","Influenza A virus","11320","","","","","","","","","","","",""
"97669","Linear peptide","SVLVNTYQWIIRNWEAVK","","","544","561","","","polymerase PB2","ABA18036.1","Polymerase basic protein 2","P03428","Influenza A virus (A/New York/232/2004(H3N2))","Influenza A virus","11320","","","","","","","","","","","",""
"97670","Linear peptide","SVLVNTYQWIIRNWETVK","","","544","561","","","polymerase basic 2 protein","ABF01745.1","Polymerase basic protein 2","P03428","Influenza A virus (A/Vietnam/CL26/2004(H5N1))","Influenza A virus","11320","","","","","","","","","","","",""
"97695","Linear peptide","TLFQQMRDVLGTFDTTQI","","","598","615","","","polymerase PB2","ABA18036.1","Polymerase basic protein 2","P03428","Influenza A virus (A/New York/232/2004(H3N2))","Influenza A virus","11320","","","","","","","","","","","",""
"97696","Linear peptide","TLFQQMRDVLGTFDTVQI","","","598","615","","","polymerase basic 2 protein","ABF01745.1","Polymerase basic protein 2","P03428","Influenza A virus (A/Vietnam/CL26/2004(H5N1))","Influenza A virus","11320","","","","","","","","","","","",""
"97708","Linear peptide","TSGVESAVLRGFLIIGK","","","683","699","","","polymerase PB2","ABA18036.1","Polymerase basic protein 2","P03428","Influenza A virus (A/New York/232/2004(H3N2))","Influenza A virus","11320","","","","","","","","","","","",""
"97752","Linear peptide","VRKTRFLPVAGGTSSIYI","","","212","229","","","polymerase PB2","ABA18036.1","Polymerase basic protein 2","P03428","Influenza A virus (A/New York/232/2004(H3N2))","Influenza A virus","11320","","","","","","","","","","","",""
"97753","Linear peptide","VRKTRFLPVAGGTSSVYI","","","212","229","","","polymerase basic 2 protein","ABF01745.1","Polymerase basic protein 2","P03428","Influenza A virus (A/Vietnam/CL26/2004(H5N1))","Influenza A virus","11320","","","","","","","","","","","",""
"97779","Linear peptide","YMLERELVRKTRFLPVA","","","205","221","","","polymerase basic 2 protein","ABF01745.1","Polymerase basic protein 2","P03428","Influenza A virus (A/Vietnam/CL26/2004(H5N1))","Influenza A virus","11320","","","","","","","","","","","",""
"124128","Linear peptide","FQNWGIESI","","","446","454","","","Polymerase basic protein 2","P03427.1","Polymerase basic protein 2","P03428","Influenza A virus (A/Wilson-Smith/1933(H1N1))","Influenza A virus","11320","","","","","","","","","","","",""
"124138","Linear peptide","FSFGGFTFK","","","323","331","","","PB2 polymerase subunit","AAC63443.1","Polymerase basic protein 2","P03428","Influenza A virus H3N2","Influenza A virus","11320","","","","","","","","","","","",""
"124147","Linear peptide","FTFKRTSGSSV","","","328","338","","","PB2 polymerase subunit","AAC63443.1","Polymerase basic protein 2","P03428","Influenza A virus H3N2","Influenza A virus","11320","","","","","","","","","","","",""
"124394","Linear peptide","KTYFEKVERLK","","","109","119","","","polymerase subunit 2","CAC84738.1","Polymerase basic protein 2","P03428","Influenza A virus (A/swine/Scotland/410440/94(H1N2))","Influenza A virus","11320","","","","","","","","","","","",""
"124402","Linear peptide","KVYKTYFEK","","","106","114","","","polymerase subunit 2","CAC84738.1","Polymerase basic protein 2","P03428","Influenza A virus (A/swine/Scotland/410440/94(H1N2))","Influenza A virus","11320","","","","","","","","","","","",""
"124405","Linear peptide","KWMMAMRYPI","","","48","57","","","polymerase basic protein 2","AAY52745.1","Polymerase basic protein 2","P03428","Influenza A virus (A/chicken/Fujian/25/00(H9N2))","Influenza A virus","11320","","","","","","","","","","","",""
"124496","Linear peptide","LYNKMEFEPF","","","571","580","","","PB2 polymerase subunit","AAC63443.1","Polymerase basic protein 2","P03428","Influenza A virus H3N2","Influenza A virus","11320","","","","","","","","","","","",""
"124653","Linear peptide","RLNPMHQLLR","","","427","436","","","PB2 polymerase subunit","AAC63443.1","Polymerase basic protein 2","P03428","Influenza A virus H3N2","Influenza A virus","11320","","","","","","","","","","","",""
"124658","Linear peptide","RMKWMMAM","","","46","53","","","PB2 polymerase subunit","AAC63443.1","Polymerase basic protein 2","P03428","Influenza A virus H3N2","Influenza A virus","11320","","","","","","","","","","","",""
"124659","Linear peptide","RMKWMMAMR","","","46","54","","","polymerase basic protein 2","AAY52745.1","Polymerase basic protein 2","P03428","Influenza A virus (A/chicken/Fujian/25/00(H9N2))","Influenza A virus","11320","","","","","","","","","","","",""
"124660","Linear peptide","RMKWMMAMRY","","","46","55","","","polymerase basic protein 2","AAY52745.1","Polymerase basic protein 2","P03428","Influenza A virus (A/chicken/Fujian/25/00(H9N2))","Influenza A virus","11320","","","","","","","","","","","",""
"124688","Linear peptide","RVMVSPLAV","","","88","96","","","PB2 polymerase subunit","AAC63443.1","Polymerase basic protein 2","P03428","Influenza A virus H3N2","Influenza A virus","11320","","","","","","","","","","","",""
"124693","Linear peptide","RYGPALSI","","","703","710","","","PB2 polymerase subunit","AAC63443.1","Polymerase basic protein 2","P03428","Influenza A virus H3N2","Influenza A virus","11320","","","","","","","","","","","",""
"124695","Linear peptide","RYSGFVRTL","","","591","599","","","polymerase PB2","ACD88669.1","Polymerase basic protein 2","P03428","Influenza A virus (A/turkey/Ohio/313053/2004(H3N2))","Influenza A virus","11320","","","","","","","","","","","",""
"124696","Linear peptide","RYSGFVRTLF","","","591","600","","","polymerase PB2","ACD88669.1","Polymerase basic protein 2","P03428","Influenza A virus (A/turkey/Ohio/313053/2004(H3N2))","Influenza A virus","11320","","","","","","","","","","","",""
"124710","Linear peptide","SFGGFTFK","","","324","331","","","PB2 polymerase subunit","AAC63443.1","Polymerase basic protein 2","P03428","Influenza A virus H3N2","Influenza A virus","11320","","","","","","","","","","","",""
"124745","Linear peptide","SSFSFGGFTFK","","","321","331","","","PB2 polymerase subunit","AAC63443.1","Polymerase basic protein 2","P03428","Influenza A virus H3N2","Influenza A virus","11320","","","","","","","","","","","",""
"124859","Linear peptide","WMMAMRYPI","","","49","57","","","polymerase basic protein 2","AAY52745.1","Polymerase basic protein 2","P03428","Influenza A virus (A/chicken/Fujian/25/00(H9N2))","Influenza A virus","11320","","","","","","","","","","","",""
"124860","Linear peptide","WMMAMRYPITA","","","49","59","","","polymerase basic protein 2","AAY52745.1","Polymerase basic protein 2","P03428","Influenza A virus (A/chicken/Fujian/25/00(H9N2))","Influenza A virus","11320","","","","","","","","","","","",""
"126695","Linear peptide","MMWEINGPK","","","527","535","","","polymerase subunit 2","CAC84745.1","Polymerase basic protein 2","P03428","Influenza A virus (A/swine/Italy/1513-1/1998(H1N1))","Influenza A virus","11320","","","","","","","","","","","",""
"128794","Linear peptide","GSGMRILVRGNSPVFNY","","","642","658","","","polymerase PB2","ABA12739.1","Polymerase basic protein 2","P03428","Influenza A virus (A/New York/348/2003(H1N1))","Influenza A virus","11320","","","","","","","","","","","",""
"128849","Linear peptide","HEGYEEFTMVGKRATAI","","","357","373","","","polymerase PB2","ABA12739.1","Polymerase basic protein 2","P03428","Influenza A virus (A/New York/348/2003(H1N1))","Influenza A virus","11320","","","","","","","","","","","",""
"129020","Linear peptide","IYKTYFEKVERLKHGTF","","","114","130","","","polymerase PB2","ABA12739.1","Polymerase basic protein 2","P03428","Influenza A virus (A/New York/348/2003(H1N1))","Influenza A virus","11320","","","","","","","","","","","",""
"129182","Linear peptide","KWMMAMKYPITADKRIT","","","48","64","","","polymerase PB2","ABA12739.1","Polymerase basic protein 2","P03428","Influenza A virus (A/New York/348/2003(H1N1))","Influenza A virus","11320","","","","","","","","","","","",""
"129189","Linear peptide","KYPITADKRITEMIPER","","","54","70","","","polymerase PB2","ABA12739.1","Polymerase basic protein 2","P03428","Influenza A virus (A/New York/348/2003(H1N1))","Influenza A virus","11320","","","","","","","","","","","",""
"129289","Linear peptide","LPDMTPSTEMSMRGVRV","","","464","480","","","polymerase PB2","ABA12739.1","Polymerase basic protein 2","P03428","Influenza A virus (A/New York/348/2003(H1N1))","Influenza A virus","11320","","","","","","","","","","","",""
"129508","Linear peptide","NPSLRMKWMMAMKYPIT","","","42","58","","","polymerase PB2","ABA12739.1","Polymerase basic protein 2","P03428","Influenza A virus (A/New York/348/2003(H1N1))","Influenza A virus","11320","","","","","","","","","","","",""
"129900","Linear peptide","SGRQEKNPSLRMKWMMA","","","36","52","","","polymerase PB2","ABA12739.1","Polymerase basic protein 2","P03428","Influenza A virus (A/New York/348/2003(H1N1))","Influenza A virus","11320","","","","","","","","","","","",""
"130159","Linear peptide","TVDHMAIIKKYTSGRQE","","","24","40","","","polymerase PB2","ABA12739.1","Polymerase basic protein 2","P03428","Influenza A virus (A/New York/348/2003(H1N1))","Influenza A virus","11320","","","","","","","","","","","",""
"130187","Linear peptide","VAYMLERELVRKTRFLP","","","203","219","","","polymerase PB2","ABA12739.1","Polymerase basic protein 2","P03428","Influenza A virus (A/New York/348/2003(H1N1))","Influenza A virus","11320","The epitope sequences were provided on the product information sheet from BEI Resources.","","","","","","","","","","",""
"144475","Linear peptide","SFSFGGFTFK","","","322","331","","","polymerase PB2","ABF83457.1","Polymerase basic protein 2","P03428","Influenza A virus","Influenza A virus","11320","","","","","","","","","","","",""
"144526","Linear peptide","VLRGFLILGK","","","690","699","","","PB2 polymerase subunit","AAC63443.1","Polymerase basic protein 2","P03428","Influenza A virus","Influenza A virus","11320","","","","","","","","","","","",""
"148617","Linear peptide","GARILTSESQLTITK","","","173","187","","","polymerase PB2","ACF54487.1","Polymerase basic protein 2","P03428","Influenza A virus (A/Singapore/1/1957(H2N2))","Influenza A virus","11320","","","","","","","","","","","",""
"148648","Linear peptide","KAAMGLRISSSFSFG","","","312","326","","","polymerase PB2","ACF54487.1","Polymerase basic protein 2","P03428","Influenza A virus (A/Singapore/1/1957(H2N2))","Influenza A virus","11320","","","","","","","","","","","",""
"148654","Linear peptide","KWMMAMKYPITADKR","","","48","62","","","polymerase PB2","ACF54487.1","Polymerase basic protein 2","P03428","Influenza A virus (A/Singapore/1/1957(H2N2))","Influenza A virus","11320","","","","","","","","","","","",""
"148683","Linear peptide","LRHFQKDAKVLFQNW","","","435","449","","","polymerase PB2","ACF54487.1","Polymerase basic protein 2","P03428","Influenza A virus (A/Singapore/1/1957(H2N2))","Influenza A virus","11320","","","","","","","","","","","",""
"148913","Linear peptide","QWIIRNWETVKIQWS","","","551","565","","","polymerase PB2","ACF54487.1","Polymerase basic protein 2","P03428","Influenza A virus (A/Singapore/1/1957(H2N2))","Influenza A virus","11320","","","","","","","","","","","",""
"148918","Linear peptide","RMQFSSLTVNVRGSG","","","630","644","","","polymerase PB2","ACF54487.1","Polymerase basic protein 2","P03428","Influenza A virus (A/Singapore/1/1957(H2N2))","Influenza A virus","11320","","","","","","","","","","","",""
"164387","Linear peptide","SRTREILTK","","","14","22","","","Polymerase basic protein 2","P03428.2","Polymerase basic protein 2","P03428","Influenza A virus (A/Puerto Rico/8/1934(H1N1))","Influenza A virus","11320","","","","","","","","","","","",""
"173065","Linear peptide","RLNTMHQLLRHFQKDAKV","","","427","444","","","polymerase basic 2 protein","ABF01745.1","Polymerase basic protein 2","P03428","Influenza A virus (A/Vietnam/CL26/2004(H5N1))","Influenza A virus","11320","","","","","","","","","","","",""
"173541","Linear peptide","TVNVRGSGMRILVRGNSPV","","","637","655","","","polymerase basic 2 protein","ABF01745.1","Polymerase basic protein 2","P03428","Influenza A virus (A/Vietnam/CL26/2004(H5N1))","Influenza A virus","11320","","","","","","","","","","","",""
"175894","Linear peptide","HYPKVYKTYF","","","110","119","","","polymerase PB2","ACP41102.1","Polymerase basic protein 2","P03428","Influenza A virus (A/California/04/2009(H1N1))","Influenza A virus","11320","","","","","","","","","","","",""
"176699","Linear peptide","TYSSSMMW","","","530","537","","","polymerase PB2","ACP41102.1","Polymerase basic protein 2","P03428","Influenza A virus (A/California/04/2009(H1N1))","Influenza A virus","11320","","","","","","","","","","","",""
"177212","Linear peptide","PVAGGTSSIYI","","","219","229","","","polymerase PB2","ACJ67529.1","Polymerase basic protein 2","P03428","Influenza A virus (A/ferret/Maryland/P10-UMD/2008(H9N2))","Influenza A virus","11320","","","","","","","","","","","",""
"178451","Linear peptide","AARNIVRRA","","","271","279","","","PB2","AAV68028.1","Polymerase basic protein 2","P03428","Influenza A virus","Influenza A virus","11320","","","","","","","","","","","",""
"178501","Linear peptide","AIRGQYSGFV","","","587","596","","","polymerase PB2","AEC47217.1","Polymerase basic protein 2","P03428","Influenza A virus","Influenza A virus","11320","","","","","","","","","","","",""
"178872","Linear peptide","FVNRANQRL","","","429","437","","","PB2","AAV68028.1","Polymerase basic protein 2","P03428","Influenza A virus","Influenza A virus","11320","","","","","","","","","","","",""
"178941","Linear peptide","GTFDTVQII","","","617","625","","","PB2","AAV68028.1","Polymerase basic protein 2","P03428","Influenza A virus","Influenza A virus","11320","","","","","","","","","","","",""
"178946","Linear peptide","GTSGVESAV","","","682","690","","","polymerase PB2","AEP33154.1","Polymerase basic protein 2","P03428","Influenza A virus","Influenza A virus","11320","","","","","","","","","","","",""
"179102","Linear peptide","KTTKRLTIL","","","660","668","","","polymerase PB2","ACD93589.1","Polymerase basic protein 2","P03428","Influenza A virus","Influenza A virus","11320","","","","","","","","","","","",""
"179327","Linear peptide","NVMGMIGI","","","465","472","","","PB2","AAV68028.1","Polymerase basic protein 2","P03428","Influenza A virus","Influenza A virus","11320","","","","","","","","","","","",""
"179328","Linear peptide","NVMGMIGV","","","456","463","","","polymerase PB2","AEN95119.1","Polymerase basic protein 2","P03428","Influenza A virus","Influenza A virus","11320","","","","","","","","","","","",""
"179400","Linear peptide","RAAVSADPL","","","269","277","","","polymerase PB2","AEC47217.1","Polymerase basic protein 2","P03428","Influenza A virus","Influenza A virus","11320","","","","","","","","","","","",""
"179437","Linear peptide","RLTILGKDA","","","664","672","","","polymerase PB2","ACD93589.1","Polymerase basic protein 2","P03428","Influenza A virus","Influenza A virus","11320","","","","","","","","","","","",""
"179462","Linear peptide","RTLFQQMRDVL","","","606","616","","","PB2","AAV68028.1","Polymerase basic protein 2","P03428","Influenza A virus","Influenza A virus","11320","","","","","","","","","","","",""
"179588","Linear peptide","TTQIIKLLPFA","","","612","622","","","polymerase PB2","AEC47217.1","Polymerase basic protein 2","P03428","Influenza A virus","Influenza A virus","11320","","","","","","","","","","","",""
"179595","Linear peptide","TVQIIKLL","","","621","628","","","PB2","AAV68028.1","Polymerase basic protein 2","P03428","Influenza A virus","Influenza A virus","11320","","","","","","","","","","","",""
"179640","Linear peptide","VLFQNWGI","","","453","460","","","PB2","AAV68028.1","Polymerase basic protein 2","P03428","Influenza A virus","Influenza A virus","11320","","","","","","","","","","","",""
"232099","Linear peptide","MAMRYPITA","","","51","59","","","polymerase basic protein 2","AAY52745.1","Polymerase basic protein 2","P03428","Influenza A virus (A/chicken/Fujian/25/00(H9N2))","Influenza A virus","11320","","","","","","","","","","","",""
"236546","Linear peptide","HMAIIKKYTSGRQEKNPSLRMKWMMAMKYPITADK","","","27","61","","","PB2 polymerase subunit","AAC63443.1","Polymerase basic protein 2","P03428","Influenza A virus H3N2","Influenza A virus","11320","","","","","","","","","","","",""
"236637","Linear peptide","VAYMLERELVRKTRFLPVAGGTSSVYIEVLHLTQG","","","203","237","","","polymerase PB2","NP_775529.1","Polymerase basic protein 2","P03428","Influenza A virus (A/Puerto Rico/8/34/Mount Sinai(H1N1))","Influenza A virus","11320","","","","","","","","","","","",""
"243963","Linear peptide","ILPDMTPSI","","","463","471","","","Polymerase basic protein 2","P03428.2","Polymerase basic protein 2","P03428","Influenza A virus (A/Puerto Rico/8/1934(H1N1))","Influenza A virus","11320","","","","","","","","","","","",""
"478555","Linear peptide","GFTFKRTSGSSVKRE","","","56","70","","","polymerase PB2","AGL33696.1","Polymerase basic protein 2","P03428","H7N9 subtype","Influenza A virus","11320","","","","","","","","","","","",""
"504103","Linear peptide","LAKGEKANVLIGQGD","","","716","730","","","Polymerase basic protein 2","P21428.1","Polymerase basic protein 2","P03428","Influenza A virus (A/California/08/2009(H1N1))","Influenza A virus","11320","","","","","","","","","","","",""
"529941","Linear peptide","WMMAMKYPITA","","","49","59","","","polymerase PB2","NP_040987.1","Polymerase basic protein 2","P03428","Influenza A virus (A/Puerto Rico/8/1934(H1N1))","Influenza A virus","11320","","","","","","","","","","","",""
"911036","Linear peptide","GIWDGEEEFHV + MCM(W3)","W3","Main chain modification","357","367","","","polymerase PB2 [Influenza B virus (B/Malaysia/2506/2004)]","GI:225676834","Polymerase basic protein 2","Q9QLL6","Influenza B virus","Influenza B virus","11520","Peptide modifications: Trp->Kynurenin(W)@3.","","","","","","","","","","",""
"911037","Linear peptide","GIWDGEEEFHV + OX(W3)","W3","Oxidation","357","367","","","polymerase PB2 [Influenza B virus (B/Malaysia/2506/2004)]","GI:225676834","Polymerase basic protein 2","Q9QLL6","Influenza B virus","Influenza B virus","11520","Peptide modifications: Dioxidation(W)@3.","","","","","","","","","","",""
"911038","Linear peptide","GIWDGEEEFHV","","","357","367","","","polymerase PB2 [Influenza B virus (B/Malaysia/2506/2004)]","GI:225676834","Polymerase basic protein 2","Q9QLL6","Influenza B virus","Influenza B virus","11520","","","","","","","","","","","",""
"911062","Linear peptide","GQYSGFARA + ACET(G1)","G1","Acetylation|ACET","591","599","","","polymerase PB2 [Influenza B virus (B/Malaysia/2506/2004)]","GI:225676834","Polymerase basic protein 2","Q9QLL6","Influenza B virus","Influenza B virus","11520","Peptide modifications: Acetyl@N-term.","","","","","","","","","","",""
"911063","Linear peptide","GQYSGFARA","","","591","599","","","polymerase PB2 [Influenza B virus (B/Malaysia/2506/2004)]","GI:225676834","Polymerase basic protein 2","Q9QLL6","Influenza B virus","Influenza B virus","11520","","","","","","","","","","","",""
"911154","Linear peptide","ITFGPVERV","","","135","143","","","polymerase PB2 [Influenza B virus (B/Malaysia/2506/2004)]","GI:225676834","Polymerase basic protein 2","Q9QLL6","Influenza B virus","Influenza B virus","11520","","","","","","","","","","","",""
"911250","Linear peptide","KTDQFIKL","","","611","618","","","polymerase PB2 [Influenza B virus (B/Malaysia/2506/2004)]","GI:225676834","Polymerase basic protein 2","Q9QLL6","Influenza B virus","Influenza B virus","11520","","","","","","","","","","","",""
"911427","Linear peptide","QLLSPMYQL + OX(M6)","M6","Oxidation","428","436","","","polymerase PB2 [Influenza B virus (B/Malaysia/2506/2004)]","GI:225676834","Polymerase basic protein 2","Q9QLL6","Influenza B virus","Influenza B virus","11520","Peptide modifications: Oxidation(M)@6.","","","","","","","","","","",""
"911428","Linear peptide","QLLSPMYQL + OX(P5)","P5","Oxidation","428","436","","","polymerase PB2 [Influenza B virus (B/Malaysia/2506/2004)]","GI:225676834","Polymerase basic protein 2","Q9QLL6","Influenza B virus","Influenza B virus","11520","Peptide modifications: Oxidation(P)@5.","","","","","","","","","","",""
"911578","Linear peptide","TYDTPKMWEM + OX(M7)","M7","Oxidation","531","540","","","polymerase PB2 [Influenza B virus (B/Malaysia/2506/2004)]","GI:225676834","Polymerase basic protein 2","Q9QLL6","Influenza B virus","Influenza B virus","11520","Peptide modifications: Oxidation(M)@7; Oxidation(M)@10.","","","","","","","","","","",""
"1309511","Linear peptide","LFQNWGVEPIDNVMGMIGIL","","","445","464","","","polymerase PB2 [Influenza A virus]","AYJ52311.1","Polymerase basic protein 2","P03428","Influenza A virus","Influenza A virus","11320","","","","","","","","","","","",""
"1309542","Linear peptide","PALRMKWMMAMKYPI","","","43","57","","","polymerase PB2, partial [Influenza A virus]","AVN99815.1","Polymerase basic protein 2","P03428","Influenza A virus","Influenza A virus","11320","","","","","","","","","","","",""
"1309615","Linear peptide","YEEFTMVGRRATAIL","","","360","374","","","polymerase PB2 [Influenza A virus]","QDP68813.1","Polymerase basic protein 2","P03428","Influenza A virus","Influenza A virus","11320","","","","","","","","","","","",""
