Pos,Peptide,ID,core,icore,HLA,Binding,EL-score,EL_Rank
0,AVRGDLNFV,cand_51_o,AVRGDLNFV,AVRGDLNFV,HLA-C*15:02,WB,0.1324,1.1699
0,AVRGDLNFV,cand_51_o,AVRGDLNFV,AVRGDLNFV,HLA-A*02:01,WB,0.1229,1.6117
0,AVRGDLNFV,cand_51_o,AVRGDLNFV,AVRGDLNFV,HLA-A*02:03,SB,0.5348,0.2949
0,AVRGDLNFV,cand_51_o,AVRGDLNFV,AVRGDLNFV,HLA-A*02:06,SB,0.4409,0.4423
0,AVRGDLNFV,cand_51_o,AVRGDLNFV,AVRGDLNFV,HLA-A*68:02,WB,0.1346,1.3636
0,AVRGDLNFV,cand_51_o,AVRGDLNFV,AVRGDLNFV,HLA-A*30:01,WB,0.2998,0.5054
0,AVRGDLNFVNR,cand_29_o,AVRGDFVNR,AVRGDLNFVNR,HLA-A*33:01,WB,0.0932,1.7444
0,AVRGDLNFVNR,cand_29_o,AVRGDFVNR,AVRGDLNFVNR,HLA-A*31:01,SB,0.7315,0.1415
0,AVRGDLNFVNR,cand_29_o,AVRGDLVNR,AVRGDLNFVNR,HLA-A*03:01,WB,0.0987,1.9251
0,AYMLERELV,cand_0_o,AYMLERELV,AYMLERELV,HLA-A*23:01,WB,0.1551,0.8763
0,AYMLERELV,cand_0_o,AYMLERELV,AYMLERELV,HLA-A*24:02,WB,0.2775,0.5869
0,AYMLERELVR,cand_6_o,AYMERELVR,AYMLERELVR,HLA-A*33:01,WB,0.1321,1.3226
0,AYMLERELVR,cand_6_o,AYMERELVR,AYMLERELVR,HLA-A*31:01,WB,0.3370,0.8418
0,IAARNIVRR,cand_59,IAARNIVRR,IAARNIVRR,HLA-A*31:01,WB,0.4167,0.6378
0,IAARNIVRR,cand_59,IAARNIVRR,IAARNIVRR,HLA-A*33:01,WB,0.2165,0.8262
0,IAARNIVRR,cand_59,IAARNIVRR,IAARNIVRR,HLA-A*68:01,SB,0.7160,0.3917
0,IAARNIVRR,cand_59,IAARNIVRR,IAARNIVRR,HLA-A*11:01,WB,0.1214,1.5865
0,IIAARNIVR,cand_68,IIAARNIVR,IIAARNIVR,HLA-A*68:01,WB,0.4429,0.9157
0,IIAARNIVR,cand_68,IIAARNIVR,IIAARNIVR,HLA-A*33:01,WB,0.2534,0.6893
0,IIAARNIVR,cand_68,IIAARNIVR,IIAARNIVR,HLA-A*31:01,WB,0.4653,0.5336
0,IIAARNIVRR,cand_43,IIAARIVRR,IIAARNIVRR,HLA-A*31:01,WB,0.1912,1.5251
0,IIAARNIVRR,cand_43,IIAANIVRR,IIAARNIVRR,HLA-A*68:01,WB,0.3129,1.3359
0,IIAARNIVRR,cand_43,IIAARIVRR,IIAARNIVRR,HLA-A*33:01,WB,0.0871,1.8329
0,KAVRGDLNF,cand_45_o,KAVRGDLNF,KAVRGDLNF,HLA-B*15:01,WB,0.1799,1.4547
0,KAVRGDLNF,cand_45_o,KAVRGDLNF,KAVRGDLNF,HLA-B*53:01,WB,0.0538,1.8849
0,KAVRGDLNF,cand_45_o,KAVRGDLNF,KAVRGDLNF,HLA-B*57:01,SB,0.7292,0.4372
0,KAVRGDLNF,cand_45_o,KAVRGDLNF,KAVRGDLNF,HLA-B*58:01,SB,0.8349,0.1456
0,KAVRGDLNF,cand_45_o,KAVRGDLNF,KAVRGDLNF,HLA-C*15:02,WB,0.0863,1.6752
0,KAVRGDLNF,cand_45_o,KAVRGDLNF,KAVRGDLNF,HLA-C*16:01,WB,0.1398,1.0648
0,KAVRGDLNF,cand_45_o,KAVRGDLNF,KAVRGDLNF,HLA-A*32:01,WB,0.1380,0.8983
0,KTRFLPVAG,cand_67_o,KTRFLPVAG,KTRFLPVAG,HLA-A*30:01,SB,0.4030,0.2911
0,LERELVRKTRF,cand_72_o,LERELVRKF,LERELVRKTRF,HLA-B*44:03,WB,0.0910,1.2240
0,LERELVRKTRF,cand_72_o,LERELVRKF,LERELVRKTRF,HLA-B*44:02,WB,0.0780,1.1814
0,LMVAYMLER,cand_27_o,LMVAYMLER,LMVAYMLER,HLA-A*31:01,WB,0.2237,1.3242
0,LMVAYMLER,cand_27_o,LMVAYMLER,LMVAYMLER,HLA-A*33:01,WB,0.1227,1.4142
0,MEVVFPNEV,cand_63_o,MEVVFPNEV,MEVVFPNEV,HLA-B*44:02,WB,0.1337,0.8588
0,MEVVFPNEV,cand_63_o,MEVVFPNEV,MEVVFPNEV,HLA-B*44:03,WB,0.2123,0.7481
0,MEVVFPNEV,cand_63_o,MEVVFPNEV,MEVVFPNEV,HLA-B*40:01,SB,0.5627,0.3597
0,MLERELVRK,cand_36_o,MLERELVRK,MLERELVRK,HLA-A*03:01,WB,0.2306,1.0844
0,MLERELVRK,cand_36_o,MLERELVRK,MLERELVRK,HLA-A*11:01,WB,0.1178,1.6190
0,QIIKLLPFA,cand_18,QIIKLLPFA,QIIKLLPFA,HLA-A*02:06,SB,0.4138,0.4900
0,QIIKLLPFA,cand_18,QIIKLLPFA,QIIKLLPFA,HLA-A*02:01,WB,0.1240,1.6003
0,QIIKLLPFA,cand_18,QIIKLLPFA,QIIKLLPFA,HLA-A*68:02,WB,0.0953,1.7709
0,QIIKLLPFA,cand_18,QIIKLLPFA,QIIKLLPFA,HLA-A*02:03,WB,0.1093,1.9156
0,RGDLNFVNR,cand_16_o,RGDLNFVNR,RGDLNFVNR,HLA-A*31:01,WB,0.2861,1.0293
0,SLIIAARNIVR,cand_66_o,SLIARNIVR,SLIIAARNIVR,HLA-A*31:01,WB,0.1994,1.4703
0,VAYMLEREL,cand_1_o,VAYMLEREL,VAYMLEREL,HLA-C*12:03,SB,0.7256,0.0345
0,VAYMLEREL,cand_1_o,VAYMLEREL,VAYMLEREL,HLA-C*07:02,WB,0.0208,1.8708
0,VAYMLEREL,cand_1_o,VAYMLEREL,VAYMLEREL,HLA-C*15:02,SB,0.5177,0.2032
0,VAYMLEREL,cand_1_o,VAYMLEREL,VAYMLEREL,HLA-C*05:01,WB,0.0395,1.9012
0,VAYMLEREL,cand_1_o,VAYMLEREL,VAYMLEREL,HLA-C*16:01,SB,0.8121,0.0362
0,VAYMLEREL,cand_1_o,VAYMLEREL,VAYMLEREL,HLA-B*51:01,SB,0.4721,0.3287
0,VAYMLEREL,cand_1_o,VAYMLEREL,VAYMLEREL,HLA-B*08:01,WB,0.1013,1.5992
0,VAYMLEREL,cand_1_o,VAYMLEREL,VAYMLEREL,HLA-B*58:01,WB,0.1017,1.8851
0,VIMEVVFPNEV,cand_44_o,VIMEVPNEV,VIMEVVFPNEV,HLA-A*02:06,WB,0.3873,0.5419
0,VIMEVVFPNEV,cand_44_o,VIMEVPNEV,VIMEVVFPNEV,HLA-A*02:03,WB,0.2269,1.0250
0,VIMEVVFPNEV,cand_44_o,VIMEVPNEV,VIMEVVFPNEV,HLA-A*02:01,WB,0.3666,0.5909
0,YMLERELVR,cand_12_o,YMLERELVR,YMLERELVR,HLA-A*31:01,WB,0.3648,0.7649
0,YMLERELVR,cand_12_o,YMLERELVR,YMLERELVR,HLA-A*33:01,SB,0.4077,0.3252
0,YMLERELVRK,cand_31_o,YMLERLVRK,YMLERELVRK,HLA-A*03:01,WB,0.2639,0.9626
