Pos,Peptide,ID,core,icore,HLA,Binding,neoIM_score,EL-score,EL_Rank
0,CFYVELIRGR,cand_72_o,CFYELIRGR,CFYVELIRGR,HLA-A*31:01,WB,0.6419,0.1603,1.7620
0,CFYVELIRGR,cand_72_o,CFYELIRGR,CFYVELIRGR,HLA-A*33:01,WB,0.6419,0.2229,0.7974
0,CHDGKAWLHI,cand_77,CHDGKALHI,CHDGKAWLHI,HLA-B*38:01,WB,-,0.1165,1.1119
0,SSCHDGKAW,cand_32_o,SSCHDGKAW,SSCHDGKAW,HLA-A*32:01,WB,-,0.0978,1.2145
0,SSCHDGKAW,cand_32_o,SSCHDGKAW,SSCHDGKAW,HLA-B*53:01,WB,-,0.0615,1.7269
0,SSCHDGKAW,cand_32_o,SSCHDGKAW,SSCHDGKAW,HLA-B*57:01,SB,-,0.9045,0.1715
0,SSCHDGKAW,cand_32_o,SSCHDGKAW,SSCHDGKAW,HLA-B*58:01,SB,-,0.8567,0.1276
0,SSCHDGKAWLH,cand_82_o,SSDGKAWLH,SSCHDGKAWLH,HLA-A*01:01,WB,0.56065,0.1385,1.0123
0,SSSCHDGKAW,cand_45_o,SSCHDGKAW,SSSCHDGKAW,HLA-B*57:01,SB,-,0.7705,0.3763
0,SSSCHDGKAW,cand_45_o,SSSHDGKAW,SSSCHDGKAW,HLA-B*58:01,SB,-,0.6297,0.3459
0,SSSSCHDGK,cand_28_o,SSSSCHDGK,SSSSCHDGK,HLA-A*11:01,WB,-,0.3033,0.7757
0,SSSSCHDGKAW,cand_40_o,SSSSDGKAW,SSSSCHDGKAW,HLA-B*57:01,SB,0.56105,0.7956,0.3354
0,SSSSCHDGKAW,cand_40_o,SSSSDGKAW,SSSSCHDGKAW,HLA-B*58:01,SB,0.56105,0.7016,0.2702
