Pos,Peptide,ID,core,icore,HLA,Binding,IEDB_immuno_score,neoIM_score,EL-score,EL_Rank
0,AAICTHLEV,cons_33_o,AAICTHLEV,AAICTHLEV,HLA-C*16:01,WB,0.10634,0.6199,0.1929,0.7941
0,AAICTHLEV,cons_33_o,AAICTHLEV,AAICTHLEV,HLA-B*51:01,WB,0.10634,0.6199,0.1633,1.2803
0,AAICTHLEV,cons_33_o,AAICTHLEV,AAICTHLEV,HLA-C*15:02,SB,0.10634,0.6199,0.3140,0.4608
0,AAICTHLEV,cons_33_o,AAICTHLEV,AAICTHLEV,HLA-C*12:03,SB,0.10634,0.6199,0.1915,0.4808
0,AAMDDFQLI,cons_15_o,AAMDDFQLI,AAMDDFQLI,HLA-A*02:03,WB,-0.00712,0.5824,0.1104,1.9015
0,AAMDDFQLI,cons_15_o,AAMDDFQLI,AAMDDFQLI,HLA-B*58:01,WB,-0.00712,0.5824,0.1732,1.3386
0,AAMDDFQLI,cons_15_o,AAMDDFQLI,AAMDDFQLI,HLA-B*51:01,SB,-0.00712,0.5824,0.3814,0.4883
0,AAMDDFQLI,cons_15_o,AAMDDFQLI,AAMDDFQLI,HLA-C*05:01,WB,-0.00712,0.5824,0.1310,0.8717
0,AAMDDFQLI,cons_15_o,AAMDDFQLI,AAMDDFQLI,HLA-A*02:06,SB,-0.00712,0.5824,0.5467,0.3081
0,AAMDDFQLI,cons_15_o,AAMDDFQLI,AAMDDFQLI,HLA-C*12:03,SB,-0.00712,0.5824,0.2946,0.2778
0,AAMDDFQLI,cons_15_o,AAMDDFQLI,AAMDDFQLI,HLA-A*32:01,WB,-0.00712,0.5824,0.0603,1.7367
0,AAMDDFQLI,cons_15_o,AAMDDFQLI,AAMDDFQLI,HLA-A*02:01,WB,-0.00712,0.5824,0.1130,1.7180
0,AAMDDFQLI,cons_15_o,AAMDDFQLI,AAMDDFQLI,HLA-C*15:02,SB,-0.00712,0.5824,0.4731,0.2446
0,AAMDDFQLI,cons_15_o,AAMDDFQLI,AAMDDFQLI,HLA-C*16:01,WB,-0.00712,0.5824,0.2719,0.5448
0,AAMDDFQLI,cons_15_o,AAMDDFQLI,AAMDDFQLI,HLA-A*68:02,WB,-0.00712,0.5824,0.1521,1.2251
0,AAMDDFQLI,cons_15_o,AAMDDFQLI,AAMDDFQLI,HLA-B*53:01,WB,-0.00712,0.5824,0.0758,1.4946
0,ALLKHRFEI,cons_30_o,ALLKHRFEI,ALLKHRFEI,HLA-A*02:06,WB,0.01692,0.97165,0.3462,0.6295
0,ALLKHRFEI,cons_30_o,ALLKHRFEI,ALLKHRFEI,HLA-A*32:01,SB,0.01692,0.97165,0.3613,0.2673
0,ALLKHRFEI,cons_30_o,ALLKHRFEI,ALLKHRFEI,HLA-B*08:01,WB,0.01692,0.97165,0.2101,0.7554
0,ALLKHRFEI,cons_30_o,ALLKHRFEI,ALLKHRFEI,HLA-A*02:01,SB,0.01692,0.97165,0.5789,0.3011
0,ALLKHRFEI,cons_30_o,ALLKHRFEI,ALLKHRFEI,HLA-A*02:03,WB,0.01692,0.97165,0.3647,0.5668
0,APIEHIASM,cons_49_o,APIEHIASM,APIEHIASM,HLA-B*51:01,SB,0.23709,0.622,0.5633,0.2400
0,APIEHIASM,cons_49_o,APIEHIASM,APIEHIASM,HLA-B*53:01,SB,0.23709,0.622,0.5854,0.1398
0,APIEHIASM,cons_49_o,APIEHIASM,APIEHIASM,HLA-C*04:01,SB,0.23709,0.622,0.1741,0.3581
0,APIEHIASM,cons_49_o,APIEHIASM,APIEHIASM,HLA-B*38:01,WB,0.23709,0.622,0.0604,1.7791
0,APIEHIASM,cons_49_o,APIEHIASM,APIEHIASM,HLA-B*35:01,SB,0.23709,0.622,0.9810,0.0170
0,APIEHIASM,cons_49_o,APIEHIASM,APIEHIASM,HLA-C*05:01,WB,0.23709,0.622,0.0474,1.7136
0,APIEHIASM,cons_49_o,APIEHIASM,APIEHIASM,HLA-B*08:01,SB,0.23709,0.622,0.7260,0.0809
0,APIEHIASM,cons_49_o,APIEHIASM,APIEHIASM,HLA-C*07:02,WB,0.23709,0.622,0.0634,0.7915
0,APIEHIASM,cons_49_o,APIEHIASM,APIEHIASM,HLA-B*07:02,SB,0.23709,0.622,0.9772,0.0150
0,APIEHIASM,cons_49_o,APIEHIASM,APIEHIASM,HLA-A*68:02,WB,0.23709,0.622,0.1418,1.3079
0,APIEHIASM,cons_49_o,APIEHIASM,APIEHIASM,HLA-C*12:03,WB,0.23709,0.622,0.1371,0.6446
0,APIEHIASM,cons_49_o,APIEHIASM,APIEHIASM,HLA-A*26:01,SB,0.23709,0.622,0.5130,0.1571
0,APIEHIASM,cons_49_o,APIEHIASM,APIEHIASM,HLA-C*16:01,WB,0.23709,0.622,0.1898,0.8060
0,CFMYSDFHF,cons_2_o,CFMYSDFHF,CFMYSDFHF,HLA-A*24:02,SB,-0.08324,0.97635,0.5391,0.2727
0,CFMYSDFHF,cons_2_o,CFMYSDFHF,CFMYSDFHF,HLA-A*23:01,SB,-0.08324,0.97635,0.5662,0.2267
0,CLINDPWVL,cons_1_o,CLINDPWVL,CLINDPWVL,HLA-A*02:06,WB,0.25891,0.6695,0.1711,1.4037
0,CLINDPWVL,cons_1_o,CLINDPWVL,CLINDPWVL,HLA-A*02:01,WB,0.25891,0.6695,0.3270,0.6878
0,EEMATKADY,cons_13_o,EEMATKADY,EEMATKADY,HLA-B*44:03,SB,-0.13685,0.45475,0.9445,0.0395
0,EEMATKADY,cons_13_o,EEMATKADY,EEMATKADY,HLA-B*44:02,SB,-0.13685,0.45475,0.8760,0.0536
0,ELDEIGEDV,cons_37_o,ELDEIGEDV,ELDEIGEDV,HLA-C*05:01,WB,0.36691,0.5827,0.0760,1.2844
0,FLLMDALKL,cons_43_o,FLLMDALKL,FLLMDALKL,HLA-B*08:01,WB,-0.25723,0.04575,0.0938,1.7389
0,FLLMDALKL,cons_43_o,FLLMDALKL,FLLMDALKL,HLA-A*02:06,SB,-0.25723,0.04575,0.4706,0.3936
0,FLLMDALKL,cons_43_o,FLLMDALKL,FLLMDALKL,HLA-A*02:01,SB,-0.25723,0.04575,0.7781,0.1214
0,FLLMDALKL,cons_43_o,FLLMDALKL,FLLMDALKL,HLA-C*05:01,WB,-0.25723,0.04575,0.0610,1.4866
0,FLLMDALKL,cons_43_o,FLLMDALKL,FLLMDALKL,HLA-A*02:03,WB,-0.25723,0.04575,0.2831,0.7991
0,FLLMDALKL,cons_43_o,FLLMDALKL,FLLMDALKL,HLA-C*04:01,WB,-0.25723,0.04575,0.0292,1.6711
0,FLLMDALKLSI,cons_44_o,FLDALKLSI,FLLMDALKLSI,HLA-A*02:01,WB,-0.44042,0.0697,0.0922,1.9915
0,FMYSDFHFI,cons_11_o,FMYSDFHFI,FMYSDFHFI,HLA-A*02:01,SB,0.05983,0.98375,0.9388,0.0279
0,FMYSDFHFI,cons_11_o,FMYSDFHFI,FMYSDFHFI,HLA-A*02:03,SB,0.05983,0.98375,0.9126,0.0296
0,FMYSDFHFI,cons_11_o,FMYSDFHFI,FMYSDFHFI,HLA-C*12:03,WB,0.05983,0.98375,0.1777,0.5207
0,FMYSDFHFI,cons_11_o,FMYSDFHFI,FMYSDFHFI,HLA-C*15:02,WB,0.05983,0.98375,0.2145,0.7291
0,FMYSDFHFI,cons_11_o,FMYSDFHFI,FMYSDFHFI,HLA-A*32:01,WB,0.05983,0.98375,0.1536,0.8222
0,FMYSDFHFI,cons_11_o,FMYSDFHFI,FMYSDFHFI,HLA-C*04:01,WB,0.05983,0.98375,0.0591,0.9672
0,FMYSDFHFI,cons_11_o,FMYSDFHFI,FMYSDFHFI,HLA-A*02:06,SB,0.05983,0.98375,0.8798,0.0436
0,FMYSDFHFI,cons_11_o,FMYSDFHFI,FMYSDFHFI,HLA-C*05:01,WB,0.05983,0.98375,0.1233,0.9116
0,FMYSDFHFI,cons_11_o,FMYSDFHFI,FMYSDFHFI,HLA-A*23:01,WB,0.05983,0.98375,0.1155,1.0907
0,FMYSDFHFI,cons_11_o,FMYSDFHFI,FMYSDFHFI,HLA-A*68:02,WB,0.05983,0.98375,0.1726,1.0807
0,FMYSDFHFI,cons_11_o,FMYSDFHFI,FMYSDFHFI,HLA-C*07:02,WB,0.05983,0.98375,0.0502,0.9695
0,FMYSDFHFI,cons_11_o,FMYSDFHFI,FMYSDFHFI,HLA-A*24:02,WB,0.05983,0.98375,0.0817,1.4115
0,FMYSDFHFI,cons_11_o,FMYSDFHFI,FMYSDFHFI,HLA-B*51:01,WB,0.05983,0.98375,0.1201,1.6864
0,FNSFLTHAL,cons_38_o,FNSFLTHAL,FNSFLTHAL,HLA-B*38:01,WB,0.14,0.47125,0.0650,1.6911
0,FNSFLTHAL,cons_38_o,FNSFLTHAL,FNSFLTHAL,HLA-C*12:03,WB,0.14,0.47125,0.1176,0.7254
0,FNSFLTHAL,cons_38_o,FNSFLTHAL,FNSFLTHAL,HLA-A*68:02,WB,0.14,0.47125,0.1471,1.2657
0,FNSFLTHAL,cons_38_o,FNSFLTHAL,FNSFLTHAL,HLA-B*08:01,WB,0.14,0.47125,0.1392,1.1846
0,FNSFLTHAL,cons_38_o,FNSFLTHAL,FNSFLTHAL,HLA-C*05:01,WB,0.14,0.47125,0.0365,1.9922
0,FNSFLTHAL,cons_38_o,FNSFLTHAL,FNSFLTHAL,HLA-C*16:01,WB,0.14,0.47125,0.1968,0.7802
0,FNSFLTHAL,cons_38_o,FNSFLTHAL,FNSFLTHAL,HLA-C*15:02,WB,0.14,0.47125,0.2215,0.7038
0,FVRQCFNPM,cons_12_o,FVRQCFNPM,FVRQCFNPM,HLA-C*12:03,WB,-0.054,0.6039,0.0368,1.7829
0,FVRQCFNPM,cons_12_o,FVRQCFNPM,FVRQCFNPM,HLA-B*07:02,WB,-0.054,0.6039,0.0891,1.5548
0,GENMAPEKV,cons_22_o,GENMAPEKV,GENMAPEKV,HLA-B*44:02,WB,-0.19264,0.3885,0.2519,0.5710
0,GENMAPEKV,cons_22_o,GENMAPEKV,GENMAPEKV,HLA-B*40:01,SB,-0.19264,0.3885,0.7239,0.2152
0,GENMAPEKV,cons_22_o,GENMAPEKV,GENMAPEKV,HLA-B*44:03,WB,-0.19264,0.3885,0.2869,0.6033
0,GLYEAIEEC,cons_35_o,GLYEAIEEC,GLYEAIEEC,HLA-A*02:03,SB,0.40593,0.4787,0.7322,0.1241
0,GLYEAIEEC,cons_35_o,GLYEAIEEC,GLYEAIEEC,HLA-A*02:06,SB,0.40593,0.4787,0.7564,0.1137
0,GLYEAIEEC,cons_35_o,GLYEAIEEC,GLYEAIEEC,HLA-A*02:01,SB,0.40593,0.4787,0.8359,0.0829
0,GTFDLGGLY,cons_42_o,GTFDLGGLY,GTFDLGGLY,HLA-B*15:01,SB,0.10354,0.4277,0.5576,0.3756
0,GTFDLGGLY,cons_42_o,GTFDLGGLY,GTFDLGGLY,HLA-A*68:01,WB,0.10354,0.4277,0.3037,1.3717
0,GTFDLGGLY,cons_42_o,GTFDLGGLY,GTFDLGGLY,HLA-C*12:03,WB,0.10354,0.4277,0.1260,0.6864
0,GTFDLGGLY,cons_42_o,GTFDLGGLY,GTFDLGGLY,HLA-B*35:01,WB,0.10354,0.4277,0.1140,1.4553
0,GTFDLGGLY,cons_42_o,GTFDLGGLY,GTFDLGGLY,HLA-B*58:01,WB,0.10354,0.4277,0.1836,1.2834
0,GTFDLGGLY,cons_42_o,GTFDLGGLY,GTFDLGGLY,HLA-A*32:01,WB,0.10354,0.4277,0.1438,0.8703
0,GTFDLGGLY,cons_42_o,GTFDLGGLY,GTFDLGGLY,HLA-A*11:01,SB,0.10354,0.4277,0.4426,0.4653
0,GTFDLGGLY,cons_42_o,GTFDLGGLY,GTFDLGGLY,HLA-A*01:01,SB,0.10354,0.4277,0.7240,0.1425
0,GTFDLGGLY,cons_42_o,GTFDLGGLY,GTFDLGGLY,HLA-A*30:02,SB,0.10354,0.4277,0.8437,0.0208
0,GTFDLGGLY,cons_42_o,GTFDLGGLY,GTFDLGGLY,HLA-A*26:01,SB,0.10354,0.4277,0.6873,0.0796
0,GTFDLGGLY,cons_42_o,GTFDLGGLY,GTFDLGGLY,HLA-C*16:01,WB,0.10354,0.4277,0.0957,1.4384
0,GTFDLGGLY,cons_42_o,GTFDLGGLY,GTFDLGGLY,HLA-A*03:01,WB,0.10354,0.4277,0.2626,0.9666
0,GTFDLGGLY,cons_42_o,GTFDLGGLY,GTFDLGGLY,HLA-B*57:01,WB,0.10354,0.4277,0.2531,1.5783
0,HEGEGIPLY,cons_19_o,HEGEGIPLY,HEGEGIPLY,HLA-B*15:01,WB,0.25419,0.42515,0.1894,1.3960
0,HEGEGIPLY,cons_19_o,HEGEGIPLY,HEGEGIPLY,HLA-B*44:03,SB,0.25419,0.42515,0.9695,0.0231
0,HEGEGIPLY,cons_19_o,HEGEGIPLY,HEGEGIPLY,HLA-A*01:01,WB,0.25419,0.42515,0.1611,0.8876
0,HEGEGIPLY,cons_19_o,HEGEGIPLY,HEGEGIPLY,HLA-A*26:01,WB,0.25419,0.42515,0.0957,1.0869
0,HEGEGIPLY,cons_19_o,HEGEGIPLY,HEGEGIPLY,HLA-B*40:01,WB,0.25419,0.42515,0.2787,0.7134
0,HEGEGIPLY,cons_19_o,HEGEGIPLY,HEGEGIPLY,HLA-B*44:02,SB,0.25419,0.42515,0.9196,0.0356
0,HEGEGIPLY,cons_19_o,HEGEGIPLY,HEGEGIPLY,HLA-A*30:02,WB,0.25419,0.42515,0.2701,0.7949
0,HEGEGIPLY,cons_19_o,HEGEGIPLY,HEGEGIPLY,HLA-B*35:01,WB,0.25419,0.42515,0.1127,1.4661
0,IASMRRNYF,cons_27_o,IASMRRNYF,IASMRRNYF,HLA-B*58:01,WB,-0.1389,0.5455,0.1170,1.7406
0,IASMRRNYF,cons_27_o,IASMRRNYF,IASMRRNYF,HLA-C*12:03,SB,-0.1389,0.5455,0.4543,0.1255
0,IASMRRNYF,cons_27_o,IASMRRNYF,IASMRRNYF,HLA-B*57:01,WB,-0.1389,0.5455,0.2473,1.6044
0,IASMRRNYF,cons_27_o,IASMRRNYF,IASMRRNYF,HLA-B*08:01,WB,-0.1389,0.5455,0.2965,0.5123
0,IASMRRNYF,cons_27_o,IASMRRNYF,IASMRRNYF,HLA-C*07:02,WB,-0.1389,0.5455,0.0246,1.6633
0,IASMRRNYF,cons_27_o,IASMRRNYF,IASMRRNYF,HLA-C*16:01,SB,-0.1389,0.5455,0.9017,0.0120
0,IASMRRNYF,cons_27_o,IASMRRNYF,IASMRRNYF,HLA-C*15:02,WB,-0.1389,0.5455,0.0988,1.5093
0,KEKDMTKEF,cons_34_o,KEKDMTKEF,KEKDMTKEF,HLA-B*40:01,SB,-0.30564,0.37565,0.5525,0.3697
0,KEKDMTKEF,cons_34_o,KEKDMTKEF,KEKDMTKEF,HLA-B*44:02,SB,-0.30564,0.37565,0.9425,0.0257
0,KEKDMTKEF,cons_34_o,KEKDMTKEF,KEKDMTKEF,HLA-B*15:01,WB,-0.30564,0.37565,0.3224,0.8393
0,KEKDMTKEF,cons_34_o,KEKDMTKEF,KEKDMTKEF,HLA-B*44:03,SB,-0.30564,0.37565,0.9471,0.0380
0,KFLPDLYDYK,cons_29_o,KLPDLYDYK,KFLPDLYDYK,HLA-A*03:01,WB,0.00912,0.9712,0.1672,1.3833
0,KFLPDLYDYK,cons_29_o,KLPDLYDYK,KFLPDLYDYK,HLA-A*11:01,WB,0.00912,0.9712,0.1565,1.3327
0,KFLPDLYDYK,cons_29_o,KFLPDLYYK,KFLPDLYDYK,HLA-A*31:01,WB,0.00912,0.9712,0.2764,1.0682
0,KFLPDLYDYK,cons_29_o,KFLPDLYYK,KFLPDLYDYK,HLA-A*30:01,WB,0.00912,0.9712,0.1760,1.0698
0,KVCRTLLAK,cons_21_o,KVCRTLLAK,KVCRTLLAK,HLA-A*30:01,SB,0.07544,0.4418,0.5061,0.1619
0,KVCRTLLAK,cons_21_o,KVCRTLLAK,KVCRTLLAK,HLA-A*31:01,WB,0.07544,0.4418,0.2800,1.0539
0,KVCRTLLAK,cons_21_o,KVCRTLLAK,KVCRTLLAK,HLA-A*03:01,SB,0.07544,0.4418,0.8025,0.1261
0,KVCRTLLAK,cons_21_o,KVCRTLLAK,KVCRTLLAK,HLA-A*11:01,SB,0.07544,0.4418,0.6127,0.2458
0,LAKSVFNSL,cons_25_o,LAKSVFNSL,LAKSVFNSL,HLA-C*15:02,SB,-0.18819,0.4988,0.3410,0.4031
0,LAKSVFNSL,cons_25_o,LAKSVFNSL,LAKSVFNSL,HLA-C*16:01,SB,-0.18819,0.4988,0.6847,0.0928
0,LAKSVFNSL,cons_25_o,LAKSVFNSL,LAKSVFNSL,HLA-A*30:01,WB,-0.18819,0.4988,0.1339,1.4697
0,LAKSVFNSL,cons_25_o,LAKSVFNSL,LAKSVFNSL,HLA-B*08:01,SB,-0.18819,0.4988,0.7248,0.0818
0,LAKSVFNSL,cons_25_o,LAKSVFNSL,LAKSVFNSL,HLA-B*51:01,SB,-0.18819,0.4988,0.4492,0.3630
0,LAKSVFNSL,cons_25_o,LAKSVFNSL,LAKSVFNSL,HLA-B*07:02,WB,-0.18819,0.4988,0.2699,0.7492
0,LAKSVFNSL,cons_25_o,LAKSVFNSL,LAKSVFNSL,HLA-C*12:03,SB,-0.18819,0.4988,0.6400,0.0551
0,LAKSVFNSL,cons_25_o,LAKSVFNSL,LAKSVFNSL,HLA-C*07:02,WB,-0.18819,0.4988,0.0221,1.7942
0,LAKSVFNSL,cons_25_o,LAKSVFNSL,LAKSVFNSL,HLA-A*68:02,WB,-0.18819,0.4988,0.0832,1.9529
0,LAKSVFNSL,cons_25_o,LAKSVFNSL,LAKSVFNSL,HLA-B*35:01,WB,-0.18819,0.4988,0.1277,1.3501
0,LLAKSVFNSLY,cons_26_o,LLAKSNSLY,LLAKSVFNSLY,HLA-A*01:01,WB,-0.36339,0.59365,0.1812,0.8147
0,LLAKSVFNSLY,cons_26_o,LLAKSNSLY,LLAKSVFNSLY,HLA-A*30:02,WB,-0.36339,0.59365,0.2035,1.0957
0,LLAKSVFNSLY,cons_26_o,LLAKSNSLY,LLAKSVFNSLY,HLA-B*15:01,WB,-0.36339,0.59365,0.2569,1.0575
0,LLKHRFEII,cons_0_o,LLKHRFEII,LLKHRFEII,HLA-B*08:01,SB,0.28541,0.67915,0.6086,0.1375
0,LLKHRFEII,cons_0_o,LLKHRFEII,LLKHRFEII,HLA-A*02:03,WB,0.28541,0.67915,0.1065,1.9522
0,LYASPQLEGF,cons_36_o,LASPQLEGF,LYASPQLEGF,HLA-B*57:01,WB,-0.18351,0.9652,0.2023,1.8524
0,LYASPQLEGF,cons_36_o,LYASPQLEF,LYASPQLEGF,HLA-A*23:01,SB,-0.18351,0.9652,0.7755,0.0935
0,LYASPQLEGF,cons_36_o,LYASPQLEF,LYASPQLEGF,HLA-A*24:02,SB,-0.18351,0.9652,0.8757,0.0574
0,LYASPQLEGF,cons_36_o,LYASPQLEF,LYASPQLEGF,HLA-C*07:02,WB,-0.18351,0.9652,0.0630,0.7957
0,LYASPQLEGF,cons_36_o,LASPQLEGF,LYASPQLEGF,HLA-B*58:01,WB,-0.18351,0.9652,0.1427,1.5336
0,LYDYKENRF,cons_20_o,LYDYKENRF,LYDYKENRF,HLA-C*05:01,WB,-0.08749,0.4387,0.1094,0.9983
0,LYDYKENRF,cons_20_o,LYDYKENRF,LYDYKENRF,HLA-C*04:01,SB,-0.08749,0.4387,0.8692,0.0156
0,LYDYKENRF,cons_20_o,LYDYKENRF,LYDYKENRF,HLA-A*24:02,SB,-0.08749,0.4387,0.7610,0.1289
0,LYDYKENRF,cons_20_o,LYDYKENRF,LYDYKENRF,HLA-B*08:01,WB,-0.08749,0.4387,0.2116,0.7496
0,LYDYKENRF,cons_20_o,LYDYKENRF,LYDYKENRF,HLA-C*07:02,SB,-0.08749,0.4387,0.3623,0.1281
0,LYDYKENRF,cons_20_o,LYDYKENRF,LYDYKENRF,HLA-A*23:01,SB,-0.08749,0.4387,0.6131,0.1948
0,NMAPEKVDF,cons_23_o,NMAPEKVDF,NMAPEKVDF,HLA-A*23:01,WB,-0.05616,0.39385,0.0532,1.7299
0,NMAPEKVDF,cons_23_o,NMAPEKVDF,NMAPEKVDF,HLA-A*24:02,WB,-0.05616,0.39385,0.0579,1.7004
0,NMAPEKVDF,cons_23_o,NMAPEKVDF,NMAPEKVDF,HLA-B*15:01,WB,-0.05616,0.39385,0.2528,1.0739
0,NMAPEKVDF,cons_23_o,NMAPEKVDF,NMAPEKVDF,HLA-B*35:01,WB,-0.05616,0.39385,0.0969,1.6076
0,RARIKTRLF,cons_3_o,RARIKTRLF,RARIKTRLF,HLA-B*15:01,WB,0.01446,0.42485,0.1893,1.3965
0,RARIKTRLF,cons_3_o,RARIKTRLF,RARIKTRLF,HLA-B*57:01,WB,0.01446,0.42485,0.6393,0.5854
0,RARIKTRLF,cons_3_o,RARIKTRLF,RARIKTRLF,HLA-B*08:01,WB,0.01446,0.42485,0.2967,0.5115
0,RARIKTRLF,cons_3_o,RARIKTRLF,RARIKTRLF,HLA-C*07:02,WB,0.01446,0.42485,0.0254,1.6249
0,RARIKTRLF,cons_3_o,RARIKTRLF,RARIKTRLF,HLA-A*32:01,WB,0.01446,0.42485,0.1536,0.8219
0,RARIKTRLF,cons_3_o,RARIKTRLF,RARIKTRLF,HLA-B*58:01,WB,0.01446,0.42485,0.1653,1.3840
0,RARIKTRLF,cons_3_o,RARIKTRLF,RARIKTRLF,HLA-C*15:02,WB,0.01446,0.42485,0.0825,1.7322
0,RARIKTRLF,cons_3_o,RARIKTRLF,RARIKTRLF,HLA-B*07:02,WB,0.01446,0.42485,0.1628,1.0507
0,RARIKTRLF,cons_3_o,RARIKTRLF,RARIKTRLF,HLA-C*16:01,SB,0.01446,0.42485,0.4818,0.2381
0,RARIKTRLF,cons_3_o,RARIKTRLF,RARIKTRLF,HLA-C*12:03,SB,0.01446,0.42485,0.2734,0.2994
0,RARIKTRLF,cons_3_o,RARIKTRLF,RARIKTRLF,HLA-A*30:01,SB,0.01446,0.42485,0.3726,0.3457
0,RARIKTRLF,cons_3_o,RARIKTRLF,RARIKTRLF,HLA-A*30:02,WB,0.01446,0.42485,0.1495,1.4551
0,RIKTRLFTI,cons_7_o,RIKTRLFTI,RIKTRLFTI,HLA-B*08:01,SB,0.1305,0.60685,0.6114,0.1358
0,RIKTRLFTI,cons_7_o,RIKTRLFTI,RIKTRLFTI,HLA-C*15:02,WB,0.1305,0.60685,0.1924,0.8107
0,RIKTRLFTI,cons_7_o,RIKTRLFTI,RIKTRLFTI,HLA-A*32:01,SB,0.1305,0.60685,0.4703,0.1616
0,RIKTRLFTI,cons_7_o,RIKTRLFTI,RIKTRLFTI,HLA-A*02:03,WB,0.1305,0.60685,0.2019,1.1493
0,RIKTRLFTI,cons_7_o,RIKTRLFTI,RIKTRLFTI,HLA-A*30:01,SB,0.1305,0.60685,0.5865,0.1011
0,RRKTNLYGF,cons_24_o,RRKTNLYGF,RRKTNLYGF,HLA-C*07:02,SB,-0.031,0.46955,0.2357,0.2264
0,RRKTNLYGF,cons_24_o,RRKTNLYGF,RRKTNLYGF,HLA-A*23:01,WB,-0.031,0.46955,0.0423,1.9751
0,RTMAWTVVNSI,cons_45,RTMTVVNSI,RTMAWTVVNSI,HLA-B*57:01,WB,0.21281,0.983,0.1881,1.9443
0,RTMAWTVVNSI,cons_45,RTMAWTVSI,RTMAWTVVNSI,HLA-A*32:01,SB,0.21281,0.983,0.2433,0.4963
0,SHEGEGIPL,cons_40_o,SHEGEGIPL,SHEGEGIPL,HLA-C*07:02,WB,0.30184,0.44325,0.0214,1.8345
0,SHEGEGIPL,cons_40_o,SHEGEGIPL,SHEGEGIPL,HLA-C*04:01,WB,0.30184,0.44325,0.0314,1.5750
0,SHEGEGIPL,cons_40_o,SHEGEGIPL,SHEGEGIPL,HLA-B*38:01,SB,0.30184,0.44325,0.8426,0.0451
0,SMIEAESSV,cons_47_o,SMIEAESSV,SMIEAESSV,HLA-A*68:02,WB,0.04002,0.9737,0.1082,1.6095
0,SMIEAESSV,cons_47_o,SMIEAESSV,SMIEAESSV,HLA-A*02:06,SB,0.04002,0.9737,0.7752,0.0994
0,SMIEAESSV,cons_47_o,SMIEAESSV,SMIEAESSV,HLA-A*02:01,SB,0.04002,0.9737,0.8482,0.0758
0,SMIEAESSV,cons_47_o,SMIEAESSV,SMIEAESSV,HLA-A*02:03,SB,0.04002,0.9737,0.8989,0.0354
0,SMIEAESSV,cons_47_o,SMIEAESSV,SMIEAESSV,HLA-C*12:03,WB,0.04002,0.9737,0.0487,1.4538
0,SRARIKTRL,cons_6_o,SRARIKTRL,SRARIKTRL,HLA-C*07:02,SB,0.05438,0.35455,0.1777,0.3146
0,SRARIKTRL,cons_6_o,SRARIKTRL,SRARIKTRL,HLA-B*38:01,WB,0.05438,0.35455,0.2337,0.5950
0,SVKEKDMTK,cons_48_o,SVKEKDMTK,SVKEKDMTK,HLA-A*03:01,SB,-0.28389,0.93955,0.7435,0.1657
0,SVKEKDMTK,cons_48_o,SVKEKDMTK,SVKEKDMTK,HLA-A*31:01,WB,-0.28389,0.93955,0.3359,0.8450
0,SVKEKDMTK,cons_48_o,SVKEKDMTK,SVKEKDMTK,HLA-A*11:01,SB,-0.28389,0.93955,0.7487,0.1314
0,SVKEKDMTK,cons_48_o,SVKEKDMTK,SVKEKDMTK,HLA-A*30:01,SB,-0.28389,0.93955,0.8386,0.0124
0,SVKEKDMTK,cons_48_o,SVKEKDMTK,SVKEKDMTK,HLA-A*33:01,WB,-0.28389,0.93955,0.0872,1.8328
0,SVKEKDMTK,cons_48_o,SVKEKDMTK,SVKEKDMTK,HLA-A*68:01,WB,-0.28389,0.93955,0.6253,0.5423
0,SWFNSFLTHAL,cons_39_o,SWFNSFLTL,SWFNSFLTHAL,HLA-A*23:01,WB,0.06029,0.6854,0.2215,0.6529
0,SWFNSFLTHAL,cons_39_o,SWFNSFLTL,SWFNSFLTHAL,HLA-A*24:02,WB,0.06029,0.6854,0.1761,0.8514
0,TRREVHIYY,cons_41_o,TRREVHIYY,TRREVHIYY,HLA-A*26:01,WB,0.29836,0.46935,0.0434,1.9593
0,TRREVHIYY,cons_41_o,TRREVHIYY,TRREVHIYY,HLA-A*30:01,WB,0.29836,0.46935,0.1384,1.4178
0,TRREVHIYY,cons_41_o,TRREVHIYY,TRREVHIYY,HLA-A*30:02,WB,0.29836,0.46935,0.3803,0.5049
0,TRREVHIYY,cons_41_o,TRREVHIYY,TRREVHIYY,HLA-C*12:03,WB,0.29836,0.46935,0.0826,0.9641
0,TRREVHIYY,cons_41_o,TRREVHIYY,TRREVHIYY,HLA-C*07:02,SB,0.29836,0.46935,0.6321,0.0372
0,VSHCRATEY,cons_8_o,VSHCRATEY,VSHCRATEY,HLA-C*07:02,WB,0.13474,0.51745,0.0235,1.7136
0,VSHCRATEY,cons_8_o,VSHCRATEY,VSHCRATEY,HLA-B*15:01,WB,0.13474,0.51745,0.3715,0.7181
0,VSHCRATEY,cons_8_o,VSHCRATEY,VSHCRATEY,HLA-A*30:02,SB,0.13474,0.51745,0.4111,0.4503
0,VSHCRATEY,cons_8_o,VSHCRATEY,VSHCRATEY,HLA-B*35:01,WB,0.13474,0.51745,0.1182,1.4224
0,VSHCRATEY,cons_8_o,VSHCRATEY,VSHCRATEY,HLA-A*01:01,WB,0.13474,0.51745,0.2850,0.5668
0,VSHCRATEY,cons_8_o,VSHCRATEY,VSHCRATEY,HLA-C*16:01,SB,0.13474,0.51745,0.7327,0.0726
0,VSHCRATEY,cons_8_o,VSHCRATEY,VSHCRATEY,HLA-C*12:03,SB,0.13474,0.51745,0.3259,0.2457
0,YINTALLNA,cons_17_o,YINTALLNA,YINTALLNA,HLA-A*02:03,WB,0.05148,0.95685,0.2818,0.8042
0,YINTALLNA,cons_17_o,YINTALLNA,YINTALLNA,HLA-A*02:06,WB,0.05148,0.95685,0.2822,0.8140
0,YINTALLNA,cons_17_o,YINTALLNA,YINTALLNA,HLA-A*02:01,WB,0.05148,0.95685,0.1359,1.5148
0,YVRTNGTSK,cons_5_o,YVRTNGTSK,YVRTNGTSK,HLA-A*11:01,WB,0.01756,0.5643,0.1546,1.3445
0,YVRTNGTSK,cons_5_o,YVRTNGTSK,YVRTNGTSK,HLA-A*68:01,WB,0.01756,0.5643,0.2794,1.4737
0,YVRTNGTSK,cons_5_o,YVRTNGTSK,YVRTNGTSK,HLA-A*30:01,SB,0.01756,0.5643,0.5867,0.1010
0,YVRTNGTSK,cons_5_o,YVRTNGTSK,YVRTNGTSK,HLA-A*03:01,WB,0.01756,0.5643,0.3885,0.6579
0,YYLEKANKI,cons_4_o,YYLEKANKI,YYLEKANKI,HLA-B*08:01,WB,-0.20748,0.9641,0.2111,0.7514
0,YYLEKANKI,cons_4_o,YYLEKANKI,YYLEKANKI,HLA-A*23:01,SB,-0.20748,0.9641,0.9229,0.0229
0,YYLEKANKI,cons_4_o,YYLEKANKI,YYLEKANKI,HLA-C*04:01,SB,-0.20748,0.9641,0.1512,0.4098
0,YYLEKANKI,cons_4_o,YYLEKANKI,YYLEKANKI,HLA-C*07:02,SB,-0.20748,0.9641,0.3283,0.1474
0,YYLEKANKI,cons_4_o,YYLEKANKI,YYLEKANKI,HLA-A*24:02,SB,-0.20748,0.9641,0.9655,0.0116
0,YYLEKANKI,cons_4_o,YYLEKANKI,YYLEKANKI,HLA-B*38:01,WB,-0.20748,0.9641,0.1080,1.1738
