,Epitope sequence,Epitope length,Fraction of 100% matching sequences (%),Fraction of >80% matching sequences (%),Fraction of <50% matching sequences (%),Fraction of 100% matching in IAV seq (%),# Subtypes 100% conserved,# subs 80 conserved,Fraction of 100% matching in IBV seq (%)
15,GVLIGGLEW,9,71.75,81.59,15.24,84.62,8/10,10/10,0.0
5,DRLRRDQKS,9,53.02,83.17,15.24,61.54,9/10,10/10,0.0
7,GEISPLPSL,9,44.13,83.17,15.24,50.77,9/10,9/10,0.0
27,MSRDWFMLM,9,39.05,50.16,15.24,45.77,8/10,8/10,0.0
22,IILKANFSV,9,29.84,64.13,15.24,35.0,8/10,10/10,0.0
13,RLRRDQRSL,9,28.25,82.86,0.63,34.23,4/10,9/10,0.0
14,ETIVLLRAF,9,22.86,33.02,15.24,27.69,2/10,4/10,0.0
3,AIMEKNIML,9,20.63,37.46,16.19,25.0,3/10,4/10,0.0
16,IMLKANFSV,9,17.78,70.79,15.24,20.38,4/10,10/10,0.0
21,QELSDAPFL,9,16.19,53.33,15.87,19.62,2/10,9/10,0.0
26,IASVPTSRY,9,15.24,20.0,22.54,17.69,2/10,3/10,0.0
29,ALDYPGQDRL,10,14.92,15.24,84.76,0.0,0/10,0/10,97.37
33,NVLSLRVLV,9,14.29,15.24,84.76,0.0,0/10,0/10,94.74
34,SQFGQEHRL,9,14.29,14.92,85.08,0.0,0/10,0/10,97.37
35,SQFGQEHRL,9,14.29,14.92,85.08,0.0,0/10,0/10,97.37
36,VLSQFGQEHRL,11,14.29,14.92,85.08,0.0,0/10,0/10,97.37
17,KRKMARTAR,9,13.02,30.16,40.32,15.38,2/10,4/10,0.0
0,AIMDKNIIL,9,12.7,33.65,15.24,15.0,5/10,7/10,0.0
8,IMDKNIILKA,10,12.7,63.17,15.24,15.0,5/10,9/10,0.0
30,AYDQSGRLV,9,11.75,14.29,84.13,0.0,0/10,0/10,81.58
20,MTIASVPTSRY,11,11.75,24.44,24.76,13.46,2/10,6/10,0.0
11,MASTPASRY,9,11.75,37.14,21.59,14.23,2/10,4/10,0.0
19,MTIASVPTSR,10,11.75,24.44,26.67,13.46,2/10,6/10,0.0
18,MPRQKIIGPL,10,11.43,17.46,17.46,13.46,3/10,3/10,0.0
32,ILNSLFERL,9,10.48,15.24,84.44,0.0,0/10,0/10,73.68
2,AIMEKNIIL,9,5.4,44.76,15.56,6.54,2/10,7/10,0.0
24,AVMEKNIVL,9,2.86,11.75,17.46,3.08,2/10,2/10,0.0
12,VPASRYLTDM,10,2.54,63.17,15.24,3.08,3/10,8/10,0.0
6,FLWHVRKRV,9,2.54,34.6,15.24,3.08,1/10,8/10,0.0
31,FMDPSAGIEGF,11,2.54,14.92,84.76,0.0,0/10,0/10,15.79
1,AIMDKNIML,9,1.9,38.41,15.24,1.54,2/10,8/10,0.0
4,ALKMTMASV,9,1.27,20.95,25.4,1.54,1/10,5/10,0.0
28,AIMEKNIVLK,10,0.95,59.37,16.19,1.15,1/10,8/10,0.0
23,AIMEKNIVL,9,0.95,33.02,16.19,1.15,1/10,3/10,0.0
25,AIVDKNITL,9,0.63,2.22,17.46,0.77,1/10,3/10,0.0
9,IPKQKVAGPL,10,0.32,56.83,18.1,0.38,1/10,8/10,0.0
10,LPSLPGHTA,9,0.0,44.44,15.56,0.0,0/10,9/10,0.0
