,Epitope sequence,Epitope length,Fraction of 100% matching sequences (%),Fraction of >80% matching sequences (%),Fraction of <50% matching sequences (%),# Subtypes 100% conserved
7,ITFMQALQLL,10,82.27,99.0,0.0,41/45
12,FMQALQLLL,9,82.07,97.81,0.0,41/45
2,LLLEVEQEI,9,81.67,98.61,0.0,41/45
14,MQALQLLLEV,10,80.48,99.2,0.2,40/45
4,NSFEQITFM,9,73.9,98.21,0.0,40/45
11,QEIRTFSFQL,10,59.16,99.2,0.2,39/45
16,VMRMGDLHY,9,15.54,53.78,0.4,4/45
6,TQFESLKIY,9,7.97,61.35,0.0,13/45
9,RLKTTENSF,9,7.57,64.14,0.2,11/45
8,MVTRFESLK,9,7.17,23.51,0.2,3/45
10,VSSFQDILL,9,1.39,70.92,0.6,5/45
5,SSFQDILLR,9,1.39,79.48,0.4,5/45
3,MRMGDLHLL,9,1.2,57.97,0.2,3/45
1,LLFEVEQEI,9,1.0,82.87,0.0,2/45
17,FMQALHLLL,9,1.0,83.67,0.0,5/45
20,RLVTEELYL,9,0.0,0.0,99.8,0/45
23,TLYEMKDVVEV,11,0.0,0.0,100.0,0/45
22,TLYEMKDVV,9,0.0,0.0,100.0,0/45
21,SLLETLYEM,9,0.0,0.0,77.49,0/45
0,AIMDKNIIL,9,0.0,0.0,100.0,0/45
19,IIADMVVSLS,10,0.0,0.0,100.0,0/45
18,IIADMVVSL,9,0.0,0.0,100.0,0/45
15,QAIMDKNIIL,10,0.0,0.0,100.0,0/45
13,FQVDCFLWH,9,0.0,0.0,100.0,0/45
24,VLMKDIQSQF,10,0.0,0.0,100.0,0/45
